rank,frequency_cpyear,amplitude,period_years
1,0.00621118,0.00371331,161
2,0.0124224,0.00101995,80.5
3,0.124224,0.000267804,8.05
4,0.0993789,0.000217979,10.0625
5,0.223602,0.000206828,4.47222
6,0.10559,0.000190286,9.47059
7,0.0310559,0.00017857,32.2
8,0.229814,0.000176933,4.35135
9,0.0186335,0.00016907,53.6667
10,0.118012,0.000163298,8.47368
