rank,frequency_cpyear,amplitude,period_years
1,0.00621118,41.7322,161
2,0.0124224,9.69078,80.5
3,0.0186335,2.40761,53.6667
4,0.0248447,0.961247,40.25
5,0.0310559,0.478761,32.2
6,0.0372671,0.273102,26.8333
7,0.0434783,0.170367,23
8,0.0496894,0.113119,20.125
9,0.0559006,0.0789461,17.8889
10,0.0621118,0.0572707,16.1
