rank,frequency_cpyear,amplitude,period_years
1,0.0310559,0.000782083,32.2
2,0.0372671,0.000518043,26.8333
3,0.0248447,0.000304925,40.25
4,0.00621118,6.89937e-05,161
5,0.0434783,6.87801e-05,23
6,0.0186335,5.03272e-05,53.6667
7,0.0124224,4.24879e-05,80.5
8,0.068323,3.98366e-05,14.6364
9,0.0745342,3.689e-05,13.4167
10,0.0559006,3.55753e-05,17.8889
