rank,frequency_cpyear,amplitude,period_years
1,0.03125,0.276833,32
2,0.0375,0.176474,26.6667
3,0.025,0.103992,40
4,0.00625,0.0218298,160
5,0.0625,0.0173974,16
6,0.04375,0.0168693,22.8571
7,0.0125,0.0161176,80
8,0.05625,0.0151262,17.7778
9,0.01875,0.0140434,53.3333
10,0.33125,0.0118939,3.01887
